Orthogroup	AEAL.longest_only	Other
OG0000006	LOC115261264|XP_029718499.1|AEAL, LOC115261271|XP_029718506.1|AEAL, LOC115261261|XP_029718496.1|AEAL, LOC115261224|XP_029718458.1|AEAL, LOC115261225|XP_029718459.1|AEAL, LOC115261263|XP_029718498.1|AEAL, LOC115261262|XP_029718497.1|AEAL, LOC115261290|XP_029718531.1|AEAL, LOC115263330|XP_029722488.1|AEAL, LOC109418596|XP_019548347.2|AEAL, LOC115261265|XP_029718500.1|AEAL, LOC115261270|XP_029718504.1|AEAL	LOC118877312|XP_036671383.1|DSUZ
OG0000006	LOC115261264|XP_029718499.1|AEAL, LOC115261271|XP_029718506.1|AEAL, LOC115261261|XP_029718496.1|AEAL, LOC115261224|XP_029718458.1|AEAL, LOC115261225|XP_029718459.1|AEAL, LOC115261263|XP_029718498.1|AEAL, LOC115261262|XP_029718497.1|AEAL, LOC115261290|XP_029718531.1|AEAL, LOC115263330|XP_029722488.1|AEAL, LOC109418596|XP_019548347.2|AEAL, LOC115261265|XP_029718500.1|AEAL, LOC115261270|XP_029718504.1|AEAL	LOC6507218|XP_001956446.1|DANA
OG0000018	LOC109415712|XP_019545185.2|AEAL, LOC109416102|XP_019545617.2|AEAL	LOC108107604|XP_017070659.1|DEUG, LOC108107646|XP_017070720.1|DEUG
OG0000018	LOC109415712|XP_019545185.2|AEAL, LOC109416102|XP_019545617.2|AEAL	LOC6506166|XP_001958429.1|DANA
OG0000171	LOC115268592|XP_029732566.1|AEAL	LOC117584320|XP_034129040.1|DGUA
OG0000171	LOC115268592|XP_029732566.1|AEAL	LOC117899975|XP_034666025.1|DSUB
OG0000171	LOC115268592|XP_029732566.1|AEAL	LOC6598082|XP_026843556.1|DPER
OG0000171	LOC115268592|XP_029732566.1|AEAL	LOC4816415|XP_015036793.2|DPSE
OG0000171	LOC115268592|XP_029732566.1|AEAL	LOC108162212|XP_017152318.2|DMIR
OG0000171	LOC115268592|XP_029732566.1|AEAL	LOC119548455|XP_037711647.1|DSUP
OG0000171	LOC115268592|XP_029732566.1|AEAL	LOC108018039|XP_036669567.1|DSUZ
OG0000171	LOC115268592|XP_029732566.1|AEAL	LOC6543431|XP_026834333.1|DERE
OG0000171	LOC115268592|XP_029732566.1|AEAL	LOC120445878|XP_039482751.1|DSAN
OG0000171	LOC115268592|XP_029732566.1|AEAL	LOC6528206|XP_002089268.1|DYAK
OG0000171	LOC115268592|XP_029732566.1|AEAL	LOC117147038|XP_033169654.1|DMAU
OG0000171	LOC115268592|XP_029732566.1|AEAL	LOC6732305|XP_039147991.1|DSIM
OG0000171	LOC115268592|XP_029732566.1|AEAL	LOC6611249|XP_002035804.2|DSEC
OG0000171	LOC115268592|XP_029732566.1|AEAL	nAChRalpha5|NP_001356885.1|DMEL
OG0000171	LOC115268592|XP_029732566.1|AEAL	LOC108033635|XP_016963542.1|DBIA
OG0000171	LOC115268592|XP_029732566.1|AEAL	LOC108090043|XP_017044034.1|DFIC
OG0000171	LOC115268592|XP_029732566.1|AEAL	LOC108149326|XP_017132279.1|DELE
OG0000171	LOC115268592|XP_029732566.1|AEAL	LOC108105797|XP_017068018.1|DEUG
OG0000171	LOC115268592|XP_029732566.1|AEAL	LOC6497107|XP_032311135.1|DANA
OG0000171	LOC115268592|XP_029732566.1|AEAL	LOC108075455|XP_017023402.1|DKIK
OG0000171	LOC115268592|XP_029732566.1|AEAL	LOC110186117|XP_020810825.1|DSER
OG0000171	LOC115268592|XP_029732566.1|AEAL	LOC111600441|XP_023172300.2|DHYD
OG0000171	LOC115268592|XP_029732566.1|AEAL	LOC115769196|XP_030569760.1|DNOV
OG0000171	LOC115268592|XP_029732566.1|AEAL	LOC6634090|XP_002057510.3|DVIR
OG0000171	LOC115268592|XP_029732566.1|AEAL	LOC117578387|XP_034119714.1|DALB
OG0000171	LOC115268592|XP_029732566.1|AEAL	LOC108606868|XP_017852882.2|DBUS
OG0000171	LOC115268592|XP_029732566.1|AEAL	LOC120767977|XP_039950322.1|BTRY
OG0000171	LOC115268592|XP_029732566.1|AEAL	LOC115626100|XP_030377212.1|SLEB
OG0000171	LOC115268592|XP_029732566.1|AEAL	CCAP1982_LOCUS6079|CAD6997433.1|CCAP
OG0000190	LOC115264505|XP_029724110.1|AEAL	LOC117190734|XP_033251689.1|DMIR
OG0000272	LOC109423438|XP_029733446.1|AEAL	CCAP1982_LOCUS12064|CAD7003624.1|CCAP
OG0000292	LOC115255175|XP_029708967.1|AEAL, LOC109431821|XP_029708512.1|AEAL	LOC108036702|XP_016968485.1|DBIA, LOC108024931|XP_016950664.1|DBIA
OG0000363	LOC109418888|XP_029725302.1|AEAL	LOC110187889|XP_020813037.1|DSER, LOC110189911|XP_020815836.1|DSER
OG0000363	LOC109418888|XP_029725302.1|AEAL	LOC115771138|XP_030572569.1|DNOV
OG0000384	LOC109421514|XP_019930939.2|AEAL	LOC111605413|XP_023179686.2|DHYD
OG0000384	LOC109421514|XP_019930939.2|AEAL	LOC117191486|XP_033252231.1|DMIR
OG0000384	LOC109421514|XP_019930939.2|AEAL	LOC6546858|XP_026836613.1|DERE
OG0000442	LOC115269552|XP_029734200.1|AEAL	LOC118505460|XP_035897155.1|ASTE
OG0000472	LOC115266895|XP_029729366.1|AEAL	LOC108102237|XP_017062464.1|DFIC, LOC108100492|XP_017059919.1|DFIC
OG0000472	LOC115266895|XP_029729366.1|AEAL	CCAP1982_LOCUS19509|CAD7011409.1|CCAP
OG0000472	LOC115266895|XP_029729366.1|AEAL	LOC108004665|XP_016923135.1|DSUZ
OG0000472	LOC115266895|XP_029729366.1|AEAL	LOC119548234|XP_037711303.1|DSUP
OG0000480	LOC115263401|XP_029722545.1|AEAL	LOC108139840|XP_017118051.1|DELE
OG0000480	LOC115263401|XP_029722545.1|AEAL	LOC108081689|XP_017032399.1|DKIK
OG0000480	LOC115263401|XP_029722545.1|AEAL	LOC108116268|XP_017083581.1|DEUG
OG0000480	LOC115263401|XP_029722545.1|AEAL	LOC108086341|XP_017038731.1|DFIC, LOC108089619|XP_017043473.1|DFIC
OG0000480	LOC115263401|XP_029722545.1|AEAL	LOC116802518|XP_032582870.1|DSEC
OG0000916	LOC109417728|XP_029709163.1|AEAL, LOC109415159|XP_029719636.1|AEAL	LOC108138705|XP_017116543.1|DELE
OG0000935	LOC115267132|XP_029729828.1|AEAL, LOC109401879|XP_029709717.1|AEAL, LOC109414708|XP_029709689.1|AEAL	LOC115628826|XP_030380918.1|SLEB
OG0000997	LOC115269910|XP_029734571.1|AEAL	LOC117570903|XP_034108698.1|DALB
OG0000997	LOC115269910|XP_029734571.1|AEAL	LOC115626266|XP_030377478.1|SLEB
OG0000997	LOC115269910|XP_029734571.1|AEAL	LOC108595325|XP_033149153.1|DBUS, LOC108594679|XP_017835309.2|DBUS
OG0000997	LOC115269910|XP_029734571.1|AEAL	LOC6626261|XP_002048774.3|DVIR, LOC6626262|XP_032291610.1|DVIR
OG0000997	LOC115269910|XP_029734571.1|AEAL	LOC115760732|XP_030558067.1|DNOV, LOC115760733|XP_030558068.1|DNOV
OG0000997	LOC115269910|XP_029734571.1|AEAL	LOC111598802|XP_030080966.1|DHYD, LOC115483382|XP_030080965.1|DHYD
OG0000997	LOC115269910|XP_029734571.1|AEAL	LOC117589391|XP_034137201.1|DGUA, LOC117589874|XP_034138039.1|DGUA
OG0000997	LOC115269910|XP_029734571.1|AEAL	LOC117891244|XP_034652481.1|DSUB, LOC117892676|XP_034654965.1|DSUB
OG0000997	LOC115269910|XP_029734571.1|AEAL	LOC108160787|XP_017150483.2|DMIR, LOC117190405|XP_033251374.1|DMIR, LOC117187782|XP_033246511.1|DMIR
OG0000997	LOC115269910|XP_029734571.1|AEAL	LOC6898344|XP_015039564.2|DPSE, LOC117183524|XP_033233432.1|DPSE
OG0000997	LOC115269910|XP_029734571.1|AEAL	LOC6591105|XP_026841646.1|DPER, LOC6590895|XP_026840602.1|DPER
OG0000997	LOC115269910|XP_029734571.1|AEAL	LOC117137479|XP_033154847.1|DMAU
OG0000997	LOC115269910|XP_029734571.1|AEAL	LOC6608935|XP_032571774.1|DSEC
OG0000997	LOC115269910|XP_029734571.1|AEAL	LOC6734257|XP_039147519.1|DSIM
OG0000997	LOC115269910|XP_029734571.1|AEAL	Drl-2|NP_610835.2|DMEL
OG0000997	LOC115269910|XP_029734571.1|AEAL	LOC120446528|XP_039483474.1|DSAN
OG0000997	LOC115269910|XP_029734571.1|AEAL	LOC6530018|XP_002090964.1|DYAK
OG0000997	LOC115269910|XP_029734571.1|AEAL	LOC6549588|XP_001975822.1|DERE
OG0000997	LOC115269910|XP_029734571.1|AEAL	LOC108113114|XP_017079100.1|DEUG
OG0000997	LOC115269910|XP_029734571.1|AEAL	LOC119551566|XP_037716892.1|DSUP
OG0000997	LOC115269910|XP_029734571.1|AEAL	LOC108010246|XP_016930589.1|DSUZ
OG0000997	LOC115269910|XP_029734571.1|AEAL	LOC108036898|XP_016968767.1|DBIA, LOC108029851|XP_016957829.1|DBIA
OG0000997	LOC115269910|XP_029734571.1|AEAL	LOC108096919|XP_017054360.1|DFIC
OG0000997	LOC115269910|XP_029734571.1|AEAL	LOC108144986|XP_017125629.1|DELE
OG0000997	LOC115269910|XP_029734571.1|AEAL	LOC110189343|XP_020815045.1|DSER
OG0000997	LOC115269910|XP_029734571.1|AEAL	LOC108081260|XP_017031843.1|DKIK
OG0000997	LOC115269910|XP_029734571.1|AEAL	LOC6494847|XP_001959560.1|DANA, LOC6495780|XP_014763490.2|DANA
OG0000997	LOC115269910|XP_029734571.1|AEAL	CCAP1982_LOCUS23125|CAD7015172.1|CCAP, CCAP1982_LOCUS23124|CAD7015171.1|CCAP
OG0001029	LOC115262551|XP_029720817.1|AEAL, LOC109402256|XP_029732840.1|AEAL	LOC108085869|XP_017038119.1|DKIK
OG0001029	LOC109417933|XP_029730316.1|AEAL, LOC115265333|XP_029725778.1|AEAL, LOC115267193|XP_029729925.1|AEAL	LOC120779334|XP_039967467.1|BTRY
OG0001107	LOC115261134|XP_029718359.1|AEAL	LOC117190267|XP_033251220.1|DMIR, LOC117195198|XP_033255731.1|DMIR, LOC117192268|XP_033252813.1|DMIR, LOC117192239|XP_033252795.1|DMIR
OG0001119	LOC109432294|XP_029731051.1|AEAL, LOC115267805|XP_029730993.1|AEAL	CCAP1982_LOCUS4134|CAD6995417.1|CCAP
OG0001291	LOC109412699|XP_019541866.2|AEAL	LOC120428474|XP_039449422.1|CPIP
OG0001291	LOC109412699|XP_019541866.2|AEAL	LOC117580899|XP_034123550.1|DGUA
OG0001291	LOC109412699|XP_019541866.2|AEAL	LOC120284472|XP_039148711.1|DSIM
OG0001291	LOC109412699|XP_019541866.2|AEAL	LOC108105438|XP_017067512.1|DEUG
OG0001291	LOC109412699|XP_019541866.2|AEAL	LOC120428474|XP_039449422.1|CPIP
OG0001291	LOC109412699|XP_019541866.2|AEAL	LOC108137629|XP_017114904.1|DELE
OG0001291	LOC109412699|XP_019541866.2|AEAL	LOC115629825|XP_030382256.1|SLEB, LOC115629324|XP_030381632.1|SLEB
OG0001330	LOC109397698|XP_029708398.1|AEAL	LOC120427365|XP_039448156.1|CPIP
OG0001330	LOC109397698|XP_029708398.1|AEAL	LOC120427365|XP_039448156.1|CPIP
OG0001330	LOC109397698|XP_029708398.1|AEAL	LOC119658117|XP_037921312.1|HILL
OG0001340	LOC115269180|XP_029733449.1|AEAL	LOC108083846|XP_017035317.1|DKIK
OG0001340	LOC115269180|XP_029733449.1|AEAL	LOC108026757|XP_016953746.1|DBIA
OG0001340	LOC115269180|XP_029733449.1|AEAL	LOC108105200|XP_017067141.1|DEUG
OG0001340	LOC115269180|XP_029733449.1|AEAL	LOC108134774|XP_017110710.1|DELE
OG0001340	LOC115269180|XP_029733449.1|AEAL	LOC115628130|XP_030379970.1|SLEB, LOC115628125|XP_030379962.1|SLEB
OG0001352	LOC115254554|XP_029708023.1|AEAL, LOC109415740|XP_019545217.2|AEAL	CCAP1982_LOCUS21311|CAD7013240.1|CCAP
OG0001385	LOC109421435|XP_029726866.1|AEAL, LOC109432573|XP_019564462.2|AEAL	CCAP1982_LOCUS14735|CAD7006415.1|CCAP
OG0001385	LOC109421435|XP_029726866.1|AEAL, LOC109432573|XP_019564462.2|AEAL	LOC115631958|XP_030384680.1|SLEB
OG0001385	LOC109416633|XP_019546246.1|AEAL, LOC115261557|XP_029719294.1|AEAL	CCAP1982_LOCUS6307|CAD6997676.1|CCAP
OG0001386	LOC115266961|XP_029729541.1|AEAL	LOC108137515|XP_017114721.1|DELE
OG0001410	LOC115268854|XP_029732886.1|AEAL	LOC117191877|XP_033252533.1|DMIR
OG0001410	LOC115268854|XP_029732886.1|AEAL	LOC117893689|XP_034656270.1|DSUB
OG0001410	LOC115268854|XP_029732886.1|AEAL	LOC117184816|XP_033239653.1|DPSE
OG0001410	LOC115268854|XP_029732886.1|AEAL	CCAP1982_LOCUS9933|CAD7001436.1|CCAP
OG0001410	LOC115263500|XP_029722598.1|AEAL	LOC120779852|XP_039968145.1|BTRY, LOC120779340|XP_039967473.1|BTRY
OG0001410	LOC115263500|XP_029722598.1|AEAL	LOC119648418|XP_037906098.1|HILL, LOC119648417|XP_037906097.1|HILL
OG0001459	LOC109420247|XP_029728087.1|AEAL, LOC109397319|XP_029725761.1|AEAL	CCAP1982_LOCUS12627|CAD7004208.1|CCAP
OG0001580	LOC115253588|XP_029718179.1|AEAL, LOC109422538|XP_029734653.1|AEAL	CCAP1982_LOCUS23297|CAD7015352.1|CCAP
OG0001598	LOC115257068|XP_029712222.1|AEAL, LOC115259388|XP_029715798.1|AEAL	LOC108608123|XP_033150862.1|DBUS
OG0001598	LOC115257068|XP_029712222.1|AEAL, LOC115259388|XP_029715798.1|AEAL	LOC117584830|XP_034129849.1|DGUA
OG0001598	LOC115257068|XP_029712222.1|AEAL, LOC115259388|XP_029715798.1|AEAL	LOC117902649|XP_034670065.1|DSUB
OG0001598	LOC115257068|XP_029712222.1|AEAL, LOC115259388|XP_029715798.1|AEAL	LOC108162760|XP_017153131.2|DMIR
OG0001598	LOC115257068|XP_029712222.1|AEAL, LOC115259388|XP_029715798.1|AEAL	LOC6598088|XP_026843264.1|DPER
OG0001598	LOC115257068|XP_029712222.1|AEAL, LOC115259388|XP_029715798.1|AEAL	LOC4816591|XP_001356203.3|DPSE
OG0001598	LOC115257068|XP_029712222.1|AEAL, LOC115259388|XP_029715798.1|AEAL	LOC117563354|XP_034097531.1|DALB
OG0001598	LOC115257068|XP_029712222.1|AEAL, LOC115259388|XP_029715798.1|AEAL	LOC6634131|XP_002057519.1|DVIR
OG0001598	LOC115257068|XP_029712222.1|AEAL, LOC115259388|XP_029715798.1|AEAL	LOC115769181|XP_030569745.1|DNOV
OG0001598	LOC115257068|XP_029712222.1|AEAL, LOC115259388|XP_029715798.1|AEAL	LOC108102275|XP_017062518.1|DFIC
OG0001598	LOC115257068|XP_029712222.1|AEAL, LOC115259388|XP_029715798.1|AEAL	LOC120444130|XP_039479627.1|DSAN
OG0001598	LOC115257068|XP_029712222.1|AEAL, LOC115259388|XP_029715798.1|AEAL	CCAP1982_LOCUS6570|CAD6997953.1|CCAP
OG0001726	LOC115263509|XP_029722609.1|AEAL, LOC109623123|XP_019933165.2|AEAL, LOC115259617|XP_029716230.1|AEAL	LOC108083620|XP_017034980.1|DKIK
OG0001992	LOC109397539|XP_029714675.1|AEAL	LOC115759135|XP_030555845.1|DNOV
OG0002045	LOC115258039|XP_029713915.1|AEAL	LOC120766980|XP_039948710.1|BTRY
OG0002045	LOC115258039|XP_029713915.1|AEAL	LOC6552758|XP_001980947.3|DERE
OG0002045	LOC115258039|XP_029713915.1|AEAL	LOC120453302|XP_039493869.1|DSAN
OG0002045	LOC115258039|XP_029713915.1|AEAL	LOC6536232|XP_015047616.2|DYAK
OG0002045	LOC115258039|XP_029713915.1|AEAL	5-HT2B|NP_001262373.1|DMEL
OG0002045	LOC115258039|XP_029713915.1|AEAL	LOC6739699|XP_016035602.2|DSIM
OG0002045	LOC115258039|XP_029713915.1|AEAL	LOC117143740|XP_033164441.1|DMAU
OG0002045	LOC115258039|XP_029713915.1|AEAL	LOC6607246|XP_032576658.1|DSEC
OG0002045	LOC115258039|XP_029713915.1|AEAL	LOC108109587|XP_017073653.1|DEUG
OG0002045	LOC115258039|XP_029713915.1|AEAL	LOC108099658|XP_017058781.1|DFIC
OG0002045	LOC115258039|XP_029713915.1|AEAL	LOC108032117|XP_016961439.1|DBIA
OG0002045	LOC115258039|XP_029713915.1|AEAL	LOC108144055|XP_017124188.1|DELE
OG0002045	LOC115258039|XP_029713915.1|AEAL	LOC108012222|XP_036673080.1|DSUZ
OG0002045	LOC115258039|XP_029713915.1|AEAL	LOC119560823|XP_037730396.1|DSUP
OG0002045	LOC115258039|XP_029713915.1|AEAL	LOC110187820|XP_020812956.1|DSER
OG0002045	LOC115258039|XP_029713915.1|AEAL	LOC108083174|XP_017034350.1|DKIK
OG0002045	LOC115258039|XP_029713915.1|AEAL	LOC6501434|XP_001955243.3|DANA
OG0002045	LOC115258039|XP_029713915.1|AEAL	LOC117585489|XP_034130875.1|DGUA
OG0002045	LOC115258039|XP_029713915.1|AEAL	LOC117898809|XP_034664352.1|DSUB
OG0002045	LOC115258039|XP_029713915.1|AEAL	LOC6588121|XP_026850439.1|DPER
OG0002045	LOC115258039|XP_029713915.1|AEAL	LOC4802031|XP_033241834.1|DPSE
OG0002045	LOC115258039|XP_029713915.1|AEAL	LOC108154443|XP_017140204.1|DMIR
OG0002045	LOC115258039|XP_029713915.1|AEAL	LOC108601253|XP_017844642.1|DBUS
OG0002045	LOC115258039|XP_029713915.1|AEAL	LOC117575040|XP_034115012.1|DALB
OG0002045	LOC115258039|XP_029713915.1|AEAL	LOC111604887|XP_023178895.2|DHYD
OG0002045	LOC115258039|XP_029713915.1|AEAL	LOC115763890|XP_030562527.1|DNOV
OG0002045	LOC115258039|XP_029713915.1|AEAL	LOC6633162|XP_002056611.3|DVIR, LOC116652214|XP_032296159.1|DVIR
OG0002045	LOC115258039|XP_029713915.1|AEAL	CCAP1982_LOCUS278|CAD6991349.1|CCAP
OG0002066	LOC109405099|XP_029716736.1|AEAL	CCAP1982_LOCUS4591|CAD6995890.1|CCAP, CCAP1982_LOCUS4595|CAD6995894.1|CCAP, CCAP1982_LOCUS4592|CAD6995891.1|CCAP
OG0002144	LOC109409483|XP_019538480.1|AEAL, LOC109397642|XP_029736274.1|AEAL	LOC108101977|XP_017062061.1|DFIC
OG0002146	LOC115253959|XP_029710181.1|AEAL, LOC109414087|XP_029710185.1|AEAL	LOC120779864|XP_039968156.1|BTRY
OG0002251	LOC109426672|XP_019557749.1|AEAL, LOC115265276|XP_029725587.1|AEAL, LOC115264036|XP_029723201.1|AEAL	CCAP1982_LOCUS22091|CAD7014085.1|CCAP
OG0002311	LOC109425214|XP_029724846.1|AEAL	CCAP1982_LOCUS9048|CAD7000573.1|CCAP, CCAP1982_LOCUS9044|CAD7000568.1|CCAP
OG0002350	LOC109417569|XP_019547188.2|AEAL	LOC108159542|XP_017148407.2|DMIR
OG0002373	LOC109423381|XP_019553916.1|AEAL, LOC109411733|XP_019540867.1|AEAL	LOC117567883|XP_034104047.1|DALB
OG0002474	LOC115253675|XP_029712630.1|AEAL	CCAP1982_LOCUS14635|CAD7006313.1|CCAP
OG0002474	LOC115253675|XP_029712630.1|AEAL	LOC116649860|XP_032288967.1|DVIR
OG0002523	LOC109415190|XP_029710962.1|AEAL	LOC108081670|XP_017032376.1|DKIK
OG0002581	LOC109427644|XP_029717837.1|AEAL, LOC109431502|XP_029717873.1|AEAL	CCAP1982_LOCUS3456|CAD6994723.1|CCAP
OG0002663	LOC109404023|XP_019532432.2|AEAL, LOC109432062|XP_019563908.2|AEAL	LOC117134620|XP_033149851.1|DBUS
OG0002705	LOC115267175|XP_029729879.1|AEAL	LOC120777051|XP_039964096.1|BTRY
OG0002705	LOC115267175|XP_029729879.1|AEAL	LOC108142495|XP_017121879.1|DELE
OG0002705	LOC115267175|XP_029729879.1|AEAL	LOC6545438|XP_026832767.1|DERE
OG0002705	LOC115267175|XP_029729879.1|AEAL	LOC6611030|XP_032573765.1|DSEC
OG0002705	LOC115267175|XP_029729879.1|AEAL	LOC117141971|XP_033161661.1|DMAU
OG0002705	LOC115267175|XP_029729879.1|AEAL	sfl|NP_523946.1|DMEL
OG0002705	LOC115267175|XP_029729879.1|AEAL	LOC6737026|XP_016030648.1|DSIM
OG0002705	LOC115267175|XP_029729879.1|AEAL	LOC120447737|XP_039485214.1|DSAN
OG0002705	LOC115267175|XP_029729879.1|AEAL	LOC6533211|XP_002093937.2|DYAK
OG0002705	LOC115267175|XP_029729879.1|AEAL	LOC108114488|XP_017080996.1|DEUG
OG0002705	LOC115267175|XP_029729879.1|AEAL	LOC108028470|XP_016955821.1|DBIA
OG0002705	LOC115267175|XP_029729879.1|AEAL	LOC119552971|XP_037718911.1|DSUP
OG0002705	LOC115267175|XP_029729879.1|AEAL	LOC108012297|XP_036670986.1|DSUZ
OG0002705	LOC115267175|XP_029729879.1|AEAL	LOC108079089|XP_017028804.1|DKIK
OG0002705	LOC115267175|XP_029729879.1|AEAL	LOC110178780|XP_020801685.1|DSER
OG0002705	LOC115267175|XP_029729879.1|AEAL	LOC6506180|XP_032310617.1|DANA
OG0002705	LOC115267175|XP_029729879.1|AEAL	LOC108093108|XP_017048538.1|DFIC
OG0002705	LOC115267175|XP_029729879.1|AEAL	LOC117893058|XP_034655350.1|DSUB
OG0002705	LOC115267175|XP_029729879.1|AEAL	LOC117587508|XP_034134190.1|DGUA
OG0002705	LOC115267175|XP_029729879.1|AEAL	LOC6599514|XP_026849437.1|DPER
OG0002705	LOC115267175|XP_029729879.1|AEAL	LOC4814130|XP_033238480.1|DPSE
OG0002705	LOC115267175|XP_029729879.1|AEAL	LOC108151723|XP_017135988.1|DMIR
OG0002705	LOC115267175|XP_029729879.1|AEAL	LOC108600556|XP_017843705.2|DBUS
OG0002705	LOC115267175|XP_029729879.1|AEAL	LOC117569580|XP_034106693.1|DALB
OG0002705	LOC115267175|XP_029729879.1|AEAL	LOC111592320|XP_023160207.2|DHYD
OG0002705	LOC115267175|XP_029729879.1|AEAL	LOC6623654|XP_032290414.1|DVIR
OG0002705	LOC115267175|XP_029729879.1|AEAL	LOC115769893|XP_030570770.1|DNOV
OG0002705	LOC115267175|XP_029729879.1|AEAL	CCAP1982_LOCUS14809|CAD7006492.1|CCAP
OG0002734	LOC109405133|XP_029735227.1|AEAL	LOC120780042|XP_039968249.1|BTRY
OG0002734	LOC109405133|XP_029735227.1|AEAL	LOC108596772|XP_017838360.1|DBUS
OG0002734	LOC109405133|XP_029735227.1|AEAL	LOC108083725|XP_017035123.1|DKIK
OG0002734	LOC109405133|XP_029735227.1|AEAL	LOC108101961|XP_017062033.1|DFIC
OG0002734	LOC109405133|XP_029735227.1|AEAL	CCAP1982_LOCUS19588|CAD7011489.1|CCAP
OG0002734	LOC109405133|XP_029735227.1|AEAL	LOC6899221|XP_033233399.1|DPSE
OG0002908	LOC109412673|XP_029730686.1|AEAL, LOC109420919|XP_029720669.1|AEAL	CCAP1982_LOCUS23332|CAD7015388.1|CCAP
OG0002929	LOC109417720|XP_029709483.1|AEAL, LOC109415477|XP_019548324.2|AEAL, LOC115255495|XP_029709482.1|AEAL	CCAP1982_LOCUS9168|CAD7000694.1|CCAP
OG0002949	LOC109407510|XP_029708659.1|AEAL, LOC115253476|XP_029709860.1|AEAL, LOC109420509|XP_019550415.2|AEAL	LOC108096501|XP_017053599.1|DFIC
OG0003118	LOC115264580|XP_029724293.1|AEAL, LOC109431971|XP_029724296.1|AEAL, LOC115264721|XP_029724602.1|AEAL	CCAP1982_LOCUS14020|CAD7005665.1|CCAP
OG0003125	LOC115257497|XP_029713007.1|AEAL, LOC115257814|XP_029713628.1|AEAL	CCAP1982_LOCUS14198|CAD7005855.1|CCAP
OG0003125	LOC115257497|XP_029713007.1|AEAL, LOC115257814|XP_029713628.1|AEAL	LOC6605654|XP_032575890.1|DSEC
OG0003125	LOC115257497|XP_029713007.1|AEAL, LOC115257814|XP_029713628.1|AEAL	LOC108086921|XP_017039498.1|DFIC
OG0003125	LOC115257497|XP_029713007.1|AEAL, LOC115257814|XP_029713628.1|AEAL	LOC117579036|XP_034120613.1|DGUA
OG0003125	LOC115257497|XP_029713007.1|AEAL, LOC115257814|XP_029713628.1|AEAL	LOC108599968|XP_017842709.1|DBUS
OG0003125	LOC115257497|XP_029713007.1|AEAL, LOC115257814|XP_029713628.1|AEAL	LOC110177847|XP_020800449.1|DSER, LOC110185322|XP_020809747.1|DSER
OG0003213	LOC115260214|XP_029717006.1|AEAL	CCAP1982_LOCUS683|CAD6991778.1|CCAP
OG0003213	LOC115260214|XP_029717006.1|AEAL	LOC120768768|XP_039951470.1|BTRY
OG0003213	LOC115260214|XP_029717006.1|AEAL	LOC117570170|XP_034107537.1|DALB
OG0003213	LOC115260214|XP_029717006.1|AEAL	LOC115633737|XP_030387068.1|SLEB
OG0003213	LOC115260214|XP_029717006.1|AEAL	LOC108595707|XP_017836480.1|DBUS
OG0003213	LOC115260214|XP_029717006.1|AEAL	LOC111597951|XP_023168681.1|DHYD
OG0003213	LOC115260214|XP_029717006.1|AEAL	LOC108009563|XP_016929515.1|DSUZ
OG0003213	LOC115260214|XP_029717006.1|AEAL	LOC108036415|XP_016968030.1|DBIA
OG0003213	LOC115260214|XP_029717006.1|AEAL	CG8435|NP_611092.2|DMEL
OG0003213	LOC115260214|XP_029717006.1|AEAL	LOC6609386|XP_002034075.1|DSEC
OG0003213	LOC115260214|XP_029717006.1|AEAL	LOC117138293|XP_033156163.1|DMAU
OG0003213	LOC115260214|XP_029717006.1|AEAL	LOC6734717|XP_002081724.1|DSIM
OG0003213	LOC115260214|XP_029717006.1|AEAL	LOC6548527|XP_001975409.1|DERE
OG0003213	LOC115260214|XP_029717006.1|AEAL	LOC6531467|XP_002092266.1|DYAK
OG0003213	LOC115260214|XP_029717006.1|AEAL	LOC120446972|XP_039484177.1|DSAN
OG0003213	LOC115260214|XP_029717006.1|AEAL	LOC108082447|XP_017033307.1|DKIK
OG0003213	LOC115260214|XP_029717006.1|AEAL	LOC110176330|XP_020798308.1|DSER
OG0003213	LOC115260214|XP_029717006.1|AEAL	LOC108141331|XP_017120101.1|DELE
OG0003213	LOC115260214|XP_029717006.1|AEAL	LOC108112795|XP_017078570.1|DEUG
OG0003213	LOC115260214|XP_029717006.1|AEAL	LOC119549447|XP_037713468.1|DSUP
OG0003213	LOC115260214|XP_029717006.1|AEAL	LOC108093639|XP_017049285.1|DFIC
OG0003213	LOC115260214|XP_029717006.1|AEAL	LOC6495888|XP_001959787.1|DANA
OG0003213	LOC115260214|XP_029717006.1|AEAL	LOC117578573|XP_034120043.1|DGUA
OG0003213	LOC115260214|XP_029717006.1|AEAL	LOC117890024|XP_034650529.1|DSUB
OG0003213	LOC115260214|XP_029717006.1|AEAL	LOC4803871|XP_001360520.3|DPSE
OG0003213	LOC115260214|XP_029717006.1|AEAL	LOC6590698|XP_002016056.1|DPER
OG0003213	LOC115260214|XP_029717006.1|AEAL	LOC108158820|XP_017147001.1|DMIR, LOC117191500|XP_033252240.1|DMIR
OG0003257	LOC115254881|XP_029708427.1|AEAL	LOC108606040|XP_033150436.1|DBUS
OG0003257	LOC115254881|XP_029708427.1|AEAL	LOC6635443|XP_015024601.2|DVIR
OG0003257	LOC115254881|XP_029708427.1|AEAL	LOC115766993|XP_030566949.1|DNOV
OG0003257	LOC115254881|XP_029708427.1|AEAL	LOC111601812|XP_023174384.2|DHYD
OG0003257	LOC115254881|XP_029708427.1|AEAL	LOC117578177|XP_034119358.1|DALB
OG0003257	LOC115254881|XP_029708427.1|AEAL	LOC4814536|XP_033241179.1|DPSE
OG0003257	LOC115254881|XP_029708427.1|AEAL	LOC108155488|XP_033254174.1|DMIR
OG0003257	LOC115254881|XP_029708427.1|AEAL	LOC117588388|XP_034135507.1|DGUA
OG0003257	LOC115254881|XP_029708427.1|AEAL	LOC117903743|XP_034671999.1|DSUB
OG0003257	LOC115254881|XP_029708427.1|AEAL	LOC6501841|XP_032308274.1|DANA
OG0003257	LOC115254881|XP_029708427.1|AEAL	LOC110182043|XP_020805632.1|DSER
OG0003257	LOC115254881|XP_029708427.1|AEAL	LOC108084650|XP_017036430.1|DKIK
OG0003257	LOC115254881|XP_029708427.1|AEAL	LOC108116772|XP_017084295.1|DEUG
OG0003257	LOC115254881|XP_029708427.1|AEAL	LOC108142367|XP_017121665.1|DELE
OG0003257	LOC115254881|XP_029708427.1|AEAL	LOC108023354|XP_016948189.1|DBIA
OG0003257	LOC115254881|XP_029708427.1|AEAL	LOC108016807|XP_036676459.1|DSUZ
OG0003257	LOC115254881|XP_029708427.1|AEAL	LOC117148162|XP_033171288.1|DMAU
OG0003257	LOC115254881|XP_029708427.1|AEAL	LOC6725671|XP_039152364.1|DSIM
OG0003257	LOC115254881|XP_029708427.1|AEAL	LOC6617665|XP_032581664.1|DSEC
OG0003257	LOC115254881|XP_029708427.1|AEAL	LOC120456239|XP_039498856.1|DSAN
OG0003257	LOC115254881|XP_029708427.1|AEAL	LOC6525032|XP_039226689.1|DYAK
OG0003257	LOC115254881|XP_029708427.1|AEAL	LOC108091061|XP_017045516.1|DFIC
OG0003257	LOC115254881|XP_029708427.1|AEAL	LOC119556076|XP_037723828.1|DSUP
OG0003257	LOC115254881|XP_029708427.1|AEAL	LOC6551603|XP_015010890.1|DERE
OG0003257	LOC115254881|XP_029708427.1|AEAL	dlg1|NP_001162718.1|DMEL
OG0003257	LOC115254881|XP_029708427.1|AEAL	LOC6599195|XP_026848229.1|DPER
OG0003257	LOC115254881|XP_029708427.1|AEAL	LOC120774787|XP_039960503.1|BTRY
OG0003318	LOC115260102|XP_029716831.1|AEAL	LOC6046383|XP_038121783.1|CQUI
OG0003318	LOC115260102|XP_029716831.1|AEAL	LOC120426071|XP_039446689.1|CPIP
OG0003318	LOC115260102|XP_029716831.1|AEAL	LOC118506709|XP_035900097.1|ASTE
OG0003318	LOC115260102|XP_029716831.1|AEAL	LOC118465064|XP_035788844.1|AALB
OG0003345	LOC109423058|XP_029717757.1|AEAL, LOC109432362|XP_029708382.1|AEAL	CCAP1982_LOCUS1181|CAD6992313.1|CCAP
OG0003395	LOC109432198|XP_029722813.1|AEAL, LOC115263717|XP_029722820.1|AEAL	CCAP1982_LOCUS2762|CAD6993979.1|CCAP
OG0003507	LOC115264210|XP_029723564.1|AEAL	CCAP1982_LOCUS4038|CAD6995319.1|CCAP
OG0003555	LOC109623144|XP_019933188.2|AEAL	LOC115632522|XP_030385578.1|SLEB
OG0003725	LOC109412519|XP_019541686.2|AEAL, LOC115253999|XP_029713820.1|AEAL	CCAP1982_LOCUS12242|CAD7003809.1|CCAP
OG0004117	LOC109399745|XP_019527808.2|AEAL	LOC117134911|XP_033150262.1|DBUS
OG0004357	LOC109413612|XP_029721382.1|AEAL, LOC109401274|XP_029721572.1|AEAL	LOC108149201|XP_017132152.1|DELE
OG0004668	LOC109417984|XP_029715855.1|AEAL, LOC109427604|XP_029716062.1|AEAL	LOC120780251|XP_039968446.1|BTRY
OG0004840	LOC109432063|XP_019563909.2|AEAL	LOC108104720|XP_017066438.1|DEUG
OG0004875	LOC109409527|XP_029726247.1|AEAL	LOC6614917|XP_032580539.1|DSEC
OG0004909	LOC115253550|XP_029722605.1|AEAL	LOC120778834|XP_039966783.1|BTRY
OG0004909	LOC115253550|XP_029722605.1|AEAL	Pka-R1|NP_001189150.1|DMEL
OG0004909	LOC115253550|XP_029722605.1|AEAL	LOC6738918|XP_016032742.1|DSIM
OG0004909	LOC115253550|XP_029722605.1|AEAL	LOC120448402|XP_039486326.1|DSAN
OG0004909	LOC115253550|XP_029722605.1|AEAL	LOC6534728|XP_039230000.1|DYAK
OG0004909	LOC115253550|XP_029722605.1|AEAL	LOC108114288|XP_017080674.1|DEUG
OG0004909	LOC115253550|XP_029722605.1|AEAL	LOC108012883|XP_016933863.1|DSUZ
OG0004909	LOC115253550|XP_029722605.1|AEAL	LOC119552735|XP_037718422.1|DSUP
OG0004909	LOC115253550|XP_029722605.1|AEAL	LOC6506917|XP_032309960.1|DANA
OG0004909	LOC115253550|XP_029722605.1|AEAL	LOC117572303|XP_034110908.1|DALB
OG0004909	LOC115253550|XP_029722605.1|AEAL	LOC6623779|XP_015031075.1|DVIR
OG0004909	LOC115253550|XP_029722605.1|AEAL	LOC111592950|XP_023161198.1|DHYD
OG0004909	LOC115253550|XP_029722605.1|AEAL	LOC108600258|XP_017843185.1|DBUS
OG0004909	LOC115253550|XP_029722605.1|AEAL	LOC115633072|XP_030386303.1|SLEB
OG0004909	LOC115253550|XP_029722605.1|AEAL	CCAP1982_LOCUS11729|CAD7003267.1|CCAP
OG0005415	LOC109420687|XP_019550665.1|AEAL	LOC108078332|XP_017027622.1|DKIK
OG0006589	LOC109406962|XP_019535516.1|AEAL	CCAP1982_LOCUS3571|CAD6994840.1|CCAP
OG0007520	LOC109412063|XP_019541256.2|AEAL, LOC115262620|XP_029720877.1|AEAL	LOC108085070|XP_017037026.1|DKIK
OG0007785	LOC109405502|XP_019534148.1|AEAL	LOC116649957|XP_032289131.1|DVIR
